Sample_ID	Xenium_neoplastic_labels_v6	Xenium_neoplastic_labels_v6_subclone	Xenium_unknown_low_quality_labels_v6	Manual_xenium_cell_types_v6	Xenium_snv_object	feature_csv	mutant_csv	feature_csv_table_plots
HT227P1-S1H1L1U1	Tumor,PanIN	Tumor,PanIN	LowCount	/diskmnt/Projects/HTAN_analysis_2/PDAC/xenium/snvs_project/merged_analysis/v3_freeze/merge/primary_only/cell_barcode_csv_files/HT227P1-S1H1L1U1_PDAC_merge_primary_KRAS_20241205_single_SCT_cell_type_merge_v3.tsv	/diskmnt/Projects/HTAN_analysis_2/PDAC/xenium/snvs_project/individual_objects/HT227P1-S1H1L1U1/HT227P1-S1H1L1U1_processed_sub_2_cluster.rds	KRAS-p-G12D-ALT-T,KRAS-p-G12V-WT,KRAS-p-G12V-ALT-A	KRAS-p-G12D-ALT-T,KRAS-p-G12V-WT	KRAS-p-G12D-ALT-T,KRAS-p-G12V-WT,KRAS-p-G12V-ALT-A
HT242P1-S1H4L4U1	Tumor	Tumor	LowCount	/diskmnt/Projects/HTAN_analysis_2/PDAC/xenium/snvs_project/merged_analysis/v3_freeze/merge/primary_only/cell_barcode_csv_files/HT242P1-S1H4L4U1_PDAC_merge_primary_KRAS_20241205_single_SCT_cell_type_merge_v3.tsv	/diskmnt/Projects/HTAN_analysis_2/PDAC/xenium/snvs_project/individual_objects/HT242P1-S1H4L4U1/HT242P1-S1H4L4U1_processed.rds	KRAS-p-G12D-ALT-T,KRAS-p-G12V-WT,KRAS-p-G12V-ALT-A,SMG1-p-K3172T-ALT-G,SMG1-p-K3172T-WT	KRAS-p-G12D-ALT-T,KRAS-p-G12V-WT,SMG1-p-K3172T-ALT-G,SMG1-p-K3172T-WT	KRAS-p-G12D-ALT-T,KRAS-p-G12V-WT,KRAS-p-G12V-ALT-A,SMG1-p-K3172T-ALT-G,SMG1-p-K3172T-WT
HT243B1-S1H1A4U1	Cancer cells,Cancer cells proliferating	Cancer cells,Cancer cells proliferating	Nothing	/diskmnt/Projects/HTAN_analysis_2/PDAC/xenium/snvs_project/cell_types/manual_individual_cell_types_v1/HT243B1-S1H1A4U1/Manual_individual_cell_type_v1.tsv	/diskmnt/Projects/HTAN_analysis_2/PDAC/xenium/snvs_project/individual_objects/HT243B1-S1H1A4U1/HT243B1-S1H1A4U1_processed.rds	BRCA2-p-A938fs-ALT--,BRCA2-p-A938fs-WT	BRCA2-p-A938fs-ALT--,BRCA2-p-A938fs-WT	BRCA2-p-A938fs-ALT--,BRCA2-p-A938fs-WT
HT260C1-Th1K1L1U1	Tumor_1,Tumor_2	Tumor_2	Necrosis?,LowCount	/diskmnt/Projects/HTAN_analysis_2/PDAC/xenium/snvs_project/cell_types/manual_individual_cell_types_v2/HT260C1-Th1K1L1U1/Manual_individual_cell_type_v3_subclone.tsv	/diskmnt/Projects/HTAN_analysis_2/PDAC/xenium/snvs_project/individual_objects/xr_v2_0/HT260C1-Th1K1L1U1/HT260C1-Th1K1L1U1_processed.rds	TPD52L1-p-A21---ALT-T,TPD52L1-p-A21---WT,LDHB-p-Q307---ALT-T,LDHB-p-Q307---WT,APC-p-S1298Ffs--3-ALT-T,APC-p-S1298Ffs--3-WT	TPD52L1-p-A21---ALT-T,TPD52L1-p-A21---WT,LDHB-p-Q307---ALT-T,LDHB-p-Q307---WT,APC-p-S1298Ffs--3-ALT-T,APC-p-S1298Ffs--3-WT	TPD52L1-p-A21---ALT-T,TPD52L1-p-A21---WT,LDHB-p-Q307---ALT-T,LDHB-p-Q307---WT,APC-p-S1298Ffs--3-ALT-T,APC-p-S1298Ffs--3-WT
HT268B1-Th1H3L1U1	Cancer cells proliferating,Cancer cells	Cancer cells proliferating,Cancer cells	Nothing	/diskmnt/Projects/HTAN_analysis_2/PDAC/xenium/snvs_project/cell_types/manual_individual_cell_types_v1/HT268B1-Th1H3L1U1/Manual_individual_cell_type_v1.tsv	/diskmnt/Projects/HTAN_analysis_2/PDAC/xenium/snvs_project/individual_objects/xr_v2_0/HT268B1-Th1H3L1U1/HT268B1-Th1H3L1U1_processed.rds	EEF1A1-p-D442H-ALT-G,EEF1A1-p-D442H-WT,PGAP2-p---316Rext--40-ALT-C,PGAP2-p---316Rext--40-WT,MAP1B-p-E611D-ALT-T,MAP1B-p-E611D-WT,PELI1-p-R46T-ALT-G,PELI1-p-R46T-WT	EEF1A1-p-D442H-ALT-G,EEF1A1-p-D442H-WT,PGAP2-p---316Rext--40-ALT-C,PGAP2-p---316Rext--40-WT,MAP1B-p-E611D-ALT-T,MAP1B-p-E611D-WT,PELI1-p-R46T-ALT-G,PELI1-p-R46T-WT	EEF1A1-p-D442H-ALT-G,EEF1A1-p-D442H-WT,PGAP2-p---316Rext--40-ALT-C,PGAP2-p---316Rext--40-WT,MAP1B-p-E611D-ALT-T,MAP1B-p-E611D-WT,PELI1-p-R46T-ALT-G,PELI1-p-R46T-WT
HT284P1-S1H1A1U1	ITPN,Tumor_proliferating	ITPN,Tumor_proliferating	Necrosis?,Unknown	/diskmnt/Projects/HTAN_analysis_2/PDAC/xenium/snvs_project/cell_types/manual_individual_cell_types_v1/HT284P1-S1H1A1U1/Manual_individual_cell_type_v1.tsv	/diskmnt/Projects/HTAN_analysis_2/PDAC/xenium/snvs_project/individual_objects/HT284P1-S1H1A1U1/HT284P1-S1H1A1U1_processed.rds	CTNNB1-p-S45Y-ALT-A,CTNNB1-p-S45Y-WT	CTNNB1-p-S45Y-ALT-A,CTNNB1-p-S45Y-WT	CTNNB1-p-S45Y-ALT-A,CTNNB1-p-S45Y-WT
HT305B1-S1H5A1U1	Cancer cells,Cancer cells proliferating	Cancer cells,Cancer cells proliferating	Nothing	/diskmnt/Projects/HTAN_analysis_2/PDAC/xenium/snvs_project/cell_types/manual_individual_cell_types_v1/HT305B1-S1H5A1U1/Manual_individual_cell_type_v1.tsv	/diskmnt/Projects/HTAN_analysis_2/PDAC/xenium/snvs_project/individual_objects/HT305B1-S1H5A1U1/HT305B1-S1H5A1U1_processed.rds	ATM-p-Q628fs-ALT-T,ATM-p-Q628fs-WT	ATM-p-Q628fs-ALT-T,ATM-p-Q628fs-WT	ATM-p-Q628fs-ALT-T,ATM-p-Q628fs-WT
HT308B1-S1H5A4U1	Cancer cells,Cancer cells proliferating	Cancer cells,Cancer cells proliferating	Nothing	/diskmnt/Projects/HTAN_analysis_2/PDAC/xenium/snvs_project/cell_types/manual_individual_cell_types_v1/HT308B1-S1H5A4U1/Manual_individual_cell_type_v1.tsv	/diskmnt/Projects/HTAN_analysis_2/PDAC/xenium/snvs_project/individual_objects/HT308B1-S1H5A4U1/HT308B1-S1H5A4U1_processed.rds	ATM-p-Y1124---ALT-G,ATM-p-Y1124---WT	ATM-p-Y1124---ALT-G,ATM-p-Y1124---WT	ATM-p-Y1124---ALT-G,ATM-p-Y1124---WT
HT425B1-S1H1Fp1U1	Cancer cells	Cancer cells	Nothing	/diskmnt/Projects/HTAN_analysis_2/PDAC/xenium/snvs_project/cell_types/manual_individual_cell_types_v1/HT425B1-S1H1Fp1U1/Manual_individual_cell_type_v1.tsv	/diskmnt/Projects/HTAN_analysis_2/PDAC/xenium/snvs_project/individual_objects/HT425B1-S1H1Fp1U1/HT425B1-S1H1Fp1U1_processed.rds	FANCA-p-E1240fs-ALT--,FANCA-p-E1240fs-WT,PIK3CA-p-E545K-ALT-A,PIK3CA-p-E545K-WT	FANCA-p-E1240fs-ALT--,FANCA-p-E1240fs-WT,PIK3CA-p-E545K-ALT-A,PIK3CA-p-E545K-WT	FANCA-p-E1240fs-ALT--,FANCA-p-E1240fs-WT,PIK3CA-p-E545K-ALT-A,PIK3CA-p-E545K-WT
HT65B1-H1A1A4U1	Cancer cells,Cancer cells proliferating	Cancer cells,Cancer cells proliferating		/diskmnt/Projects/HTAN_analysis_2/PDAC/xenium/snvs_project/cell_types/manual_individual_cell_types_v1/HT65B1-H1A1A4U1/Manual_individual_cell_type_v1.tsv	/diskmnt/Projects/HTAN_analysis_2/PDAC/xenium/snvs_project/individual_objects/HT65B1-H1A1A4U1/HT65B1-H1A1A4U1_processed.rds	TP53-p-Y220C-ALT-C,TP53-p-Y220C-WT	TP53-p-Y220C-ALT-C,TP53-p-Y220C-WT	TP53-p-Y220C-ALT-C,TP53-p-Y220C-WT
WUPE82256U1-Fp1U1	PC	PC	Unk_Low	/diskmnt/Projects/HTAN_analysis_2/PDAC/xenium/snvs_project/cell_types/manual_individual_cell_types_v1/WUPE82256U1-Fp1U1_col_fix/Manual_individual_cell_type_v1.tsv	/diskmnt/Projects/HTAN_analysis_2/PDAC/xenium/snvs_project/individual_objects/WUPE82256U1-Fp1U1/WUPE82256U1-Fp1U1_processed.rds	DIS3-p-E429Q-ALT-G,DIS3-p-E429Q-WT	DIS3-p-E429Q-ALT-G,DIS3-p-E429Q-WT	DIS3-p-E429Q-ALT-G,DIS3-p-E429Q-WT
WUPE25723U1-Fp1U1	Plasma2	Plasma2	Unknown	/diskmnt/Projects/HTAN_analysis_2/PDAC/xenium/snvs_project/cell_types/manual_individual_cell_types_v1/WUPE25723U1-Fp1U1/Manual_individual_cell_type_v1_col_fix.tsv	/diskmnt/Projects/HTAN_analysis_2/PDAC/xenium/snvs_project/individual_objects/WUPE25723U1-Fp1U1/WUPE25723U1-Fp1U1_processed.rds	DIS3-p-R780K-ALT-T,DIS3-p-R780K-WT	DIS3-p-R780K-ALT-T,DIS3-p-R780K-WT	DIS3-p-R780K-ALT-T,DIS3-p-R780K-WT
WUPE08092A1-S1H3U1	Tumor	Tumor	Unknown	/diskmnt/Projects/HTAN_analysis_2/PDAC/xenium/snvs_project/cell_types/manual_individual_cell_types_v2/WUPE08092A1-S1H3U1/WUPE08092A1-S1H3U1_cell_type2_col_fix.tsv	/diskmnt/Projects/HTAN_analysis_2/PDAC/xenium/snvs_project/individual_objects/WUPE08092A1-S1H3U1/WUPE08092A1-S1H3U1_processed.rds	APC-p-R213---ALT-A,APC-p-R213---WT,APC-p-T1292Rfs--13-ALT--,APC-p-R1114---WT	APC-p-R213---ALT-A,APC-p-R213---WT,APC-p-T1292Rfs--13-ALT--,APC-p-R1114---WT	APC-p-R213---ALT-A,APC-p-R213---WT,APC-p-T1292Rfs--13-ALT--,APC-p-R1114---WT
WUPE68972U1-Fp1U1	PC,MKC_PC	PC,MKC_PC	Unk_CTSK,Unk_Low	/diskmnt/Projects/HTAN_analysis_2/PDAC/xenium/snvs_project/cell_types/manual_individual_cell_types_v1/WUPE68972U1-Fp1U1_col_fix/Manual_individual_cell_type_v1.tsv	/diskmnt/Projects/HTAN_analysis_2/PDAC/xenium/snvs_project/individual_objects/WUPE68972U1-Fp1U1/WUPE68972U1-Fp1U1_processed.rds	IDH1-p-R132H-ALT-T,IDH1-p-R132C-WT,IDH1-p-R132C-ALT-A	IDH1-p-R132H-ALT-T,IDH1-p-R132C-WT	IDH1-p-R132H-ALT-T,IDH1-p-R132C-WT,IDH1-p-R132C-ALT-A
WUPE38758U1-Fp1U1	B/Plasma2,CCL5+/B/Plasma1	B/Plasma2,CCL5+/B/Plasma1		/diskmnt/Projects/HTAN_analysis_2/PDAC/xenium/snvs_project/cell_types/manual_individual_cell_types_v1/WUPE38758U1-Fp1U1/Manual_individual_cell_type_v1_col_fix.tsv	/diskmnt/Projects/HTAN_analysis_2/PDAC/xenium/snvs_project/individual_objects/WUPE38758U1-Fp1U1/WUPE38758U1-Fp1U1_processed.rds	KRAS-p-Q61H-ALT-G,KRAS-p-Q61H-WT	KRAS-p-Q61H-ALT-G,KRAS-p-Q61H-WT	KRAS-p-Q61H-ALT-G,KRAS-p-Q61H-WT
WUPE62598U1-Fp2U1	Plasma2,Plasma1,B/Plasma2,Fibroblast/Adipo/Plasma_2,NK/T/Plasma1	Plasma2,Plasma1,B/Plasma2,Fibroblast/Adipo/Plasma_2,NK/T/Plasma1		/diskmnt/Projects/HTAN_analysis_2/PDAC/xenium/snvs_project/cell_types/manual_individual_cell_types_v1/WUPE62598U1-Fp2U1/Manual_individual_cell_type_v1_col_fix.tsv	/diskmnt/Projects/HTAN_analysis_2/PDAC/xenium/snvs_project/individual_objects/WUPE62598U1-Fp2U1/WUPE62598U1-Fp2U1_processed.rds	IRF4-p-Q300---ALT-T,IRF4-p-Q300---WT	IRF4-p-Q300---ALT-T,IRF4-p-Q300---WT	IRF4-p-Q300---ALT-T,IRF4-p-Q300---WT
WUPE28077U1-Fp1U1	Plasma_2,B/Plasma2	Plasma_2,B/Plasma2		/diskmnt/Projects/HTAN_analysis_2/PDAC/xenium/snvs_project/cell_types/manual_individual_cell_types_v1/WUPE28077U1-Fp1U1/Manual_individual_cell_type_v1_col_fix.tsv	/diskmnt/Projects/HTAN_analysis_2/PDAC/xenium/snvs_project/individual_objects/WUPE28077U1-Fp1U1/WUPE28077U1-Fp1U1_processed.rds	BRAF-p-V600E-ALT-T,BRAF-p-V600E-WT	BRAF-p-V600E-ALT-T,BRAF-p-V600E-WT	BRAF-p-V600E-ALT-T,BRAF-p-V600E-WT
WUPE04916U1-Fp1U1	Fibroblast/Plasma2,Plasma2,B	Fibroblast/Plasma2,Plasma2,B	Unknown	/diskmnt/Projects/HTAN_analysis_2/PDAC/xenium/snvs_project/cell_types/manual_individual_cell_types_v2/WUPE04916U1-Fp1U1/Manual_individual_cell_type_v2.tsv	/diskmnt/Projects/HTAN_analysis_2/PDAC/xenium/snvs_project/individual_objects/WUPE04916U1-Fp1U1/WUPE04916U1-Fp1U1_processed.rds	DLGAP4-p-Q689---ALT-T,DLGAP4-p-Q689---WT	DLGAP4-p-Q689---ALT-T,DLGAP4-p-Q689---WT	DLGAP4-p-Q689---ALT-T,DLGAP4-p-Q689---WT
SP001P1-Fp1U1	Tumor	Tumor	Necrosis	/diskmnt/Projects/HTAN_analysis_2/PDAC/xenium/snvs_project/cell_types/manual_individual_cell_types_v1/SP001P1-Fp1U1/Manual_individual_cell_type_v1.tsv	/diskmnt/Projects/HTAN_analysis_2/PDAC/xenium/snvs_project/individual_objects/xr_v2_0/SP001P1-Fp1U1/SP001P1-Fp1U1_processed.rds	GNAS-p-R201C-ALT-T,GNAS-p-R201C-WT,KRAS-p-G12D-ALT-T,KRAS-p-G12V-WT,KRAS-p-G12V-ALT-A	GNAS-p-R201C-ALT-T,GNAS-p-R201C-WT,KRAS-p-G12D-ALT-T,KRAS-p-G12V-WT	GNAS-p-R201C-ALT-T,GNAS-p-R201C-WT,KRAS-p-G12D-ALT-T,KRAS-p-G12V-WT,KRAS-p-G12V-ALT-A
WUPE86238U1-Fp1U1	B/Plasma_2/Plasma_1	B/Plasma_2/Plasma_1		/diskmnt/Projects/HTAN_analysis_2/PDAC/xenium/snvs_project/cell_types/manual_individual_cell_types_v1/WUPE86238U1-Fp1U1/Manual_individual_cell_type_v1_col_fix.tsv	/diskmnt/Projects/HTAN_analysis_2/PDAC/xenium/snvs_project/individual_objects/WUPE86238U1-Fp1U1/WUPE86238U1-Fp1U1_processed.rds	NRAS-p-Q61H-ALT-G,NRAS-p-Q61H-WT	NRAS-p-Q61H-ALT-G,NRAS-p-Q61H-WT	NRAS-p-Q61H-ALT-G,NRAS-p-Q61H-WT
SN105H1-Ma1Fp2-5U1	B/Plasma_2	B/Plasma_2	Unknown_low_count	/diskmnt/Projects/HTAN_analysis_2/PDAC/xenium/snvs_project/cell_types/manual_individual_cell_types_v1/SN105H1-Ma1Fp2-5U1/Manual_individual_cell_type_v1.tsv	/diskmnt/Projects/HTAN_analysis_2/PDAC/xenium/snvs_project/individual_objects/SN105H1-Ma1Fp2-5U1/SN105H1-Ma1Fp2-5U1_processed.rds	DNMT3A-p-R882C-ALT-A,DNMT3A-p-R882C-WT	DNMT3A-p-R882C-ALT-A,DNMT3A-p-R882C-WT	DNMT3A-p-R882C-ALT-A,DNMT3A-p-R882C-WT
SN106H1-Ma1Fp2-7U1	B	B	Unknown_low_count	/diskmnt/Projects/HTAN_analysis_2/PDAC/xenium/snvs_project/cell_types/manual_individual_cell_types_v1/SN106H1-Ma1Fp2-7U1/Manual_individual_cell_type_v1.tsv	/diskmnt/Projects/HTAN_analysis_2/PDAC/xenium/snvs_project/individual_objects/SN106H1-Ma1Fp2-7U1/SN106H1-Ma1Fp2-7U1_processed.rds	DNMT3A-p-R882C-ALT-A,DNMT3A-p-R882C-WT	DNMT3A-p-R882C-ALT-A,DNMT3A-p-R882C-WT	DNMT3A-p-R882C-ALT-A,DNMT3A-p-R882C-WT
C3L-01287-11Us2_1	cancer cell,cancer cell region 2	cancer cell region 2		/diskmnt/Projects/HTAN_analysis_2/PDAC/xenium/snvs_project/cell_types/manual_individual_cell_types_v2/C3L-01287-11Us2_1/Manual_individual_cell_type_v2_region_2.tsv	/diskmnt/Projects/HTAN_analysis_2/PDAC/xenium/snvs_project/individual_objects/C3L-01287-11Us2_1/C3L-01287-11Us2_1_processed.rds	BAP1-p-T93A-ALT-C,BAP1-p-T93A-WT	BAP1-p-T93A-ALT-C,BAP1-p-T93A-WT	BAP1-p-T93A-ALT-C,BAP1-p-T93A-WT
C3L-03372-12Us3_1	Tumor,Tumor_prolif	Tumor,Tumor_prolif	LowCount	/diskmnt/Projects/HTAN_analysis_2/PDAC/xenium/snvs_project/cell_types/manual_individual_cell_types_v1/C3L-03372-12Us3_1/C3L-03372-12Us3_1_Manual_individual_celltype_v2_col_fix.tsv	/diskmnt/Projects/HTAN_analysis_2/PDAC/xenium/snvs_project/individual_objects/C3L-03372-12Us3_1/C3L-03372-12Us3_1_processed.rds	IDH1-p-R132C-ALT-A,IDH1-p-R132C-WT,IDH1-p-R132H-ALT-T	IDH1-p-R132C-ALT-A,IDH1-p-R132C-WT	IDH1-p-R132C-ALT-A,IDH1-p-R132C-WT,IDH1-p-R132H-ALT-T
C3N-00663-11U3	Tumor,Tumor_prolif	Tumor,Tumor_prolif	LowCount	/diskmnt/Projects/HTAN_analysis_2/PDAC/xenium/snvs_project/cell_types/manual_individual_cell_types_v1/C3N-00663-11U3/C3N-00663-11U3_Manual_individual_celltype_v2_col_fix.tsv	/diskmnt/Projects/HTAN_analysis_2/PDAC/xenium/snvs_project/individual_objects/C3N-00663-11U3/C3N-00663-11U3_processed.rds	IDH1-p-R132H-ALT-T,IDH1-p-R132C-WT,IDH1-p-R132C-ALT-A,TP53-p-R282W-ALT-A,TP53-p-R282W-WT	IDH1-p-R132H-ALT-T,IDH1-p-R132C-WT,TP53-p-R282W-ALT-A,TP53-p-R282W-WT	IDH1-p-R132H-ALT-T,IDH1-p-R132C-WT,IDH1-p-R132C-ALT-A,TP53-p-R282W-ALT-A,TP53-p-R282W-WT
HT270P1-S1H1A1US2_1	Tumor,PanIN	Tumor,PanIN	LowCount	/diskmnt/Projects/HTAN_analysis_2/PDAC/xenium/snvs_project/merged_analysis/v3_freeze/merge/primary_only/cell_barcode_csv_files/HT270P1-S1H1A1US2_1_PDAC_merge_primary_KRAS_20241205_single_SCT_cell_type_merge_v3.tsv	/diskmnt/Projects/HTAN_analysis_2/PDAC/xenium/snvs_project/individual_objects/xr_v2_0/HT270P1-S1H1A1US2_1/HT270P1-S1H1A1US2_1_processed_sub_5_cluster.rds	KRAS-p-G12D-ALT-21-A,KRAS-p-G12V-WT,KRAS-p-G12V-ALT-21-T	KRAS-p-G12D-ALT-21-A,KRAS-p-G12V-WT	KRAS-p-G12D-ALT-T,KRAS-p-G12V-WT,KRAS-p-G12V-ALT-A
SP002C1-Fp1U2	Tumor	Tumor	Necrosis	/diskmnt/Projects/HTAN_analysis_2/PDAC/xenium/snvs_project/cell_types/manual_individual_cell_types_v1/SP002C1-Fp1U2/Manual_individual_cell_type_v1.tsv	/diskmnt/Projects/HTAN_analysis_2/PDAC/xenium/snvs_project/individual_objects/xr_v2_0/SP002C1-Fp1U2/SP002C1-Fp1U2_processed.rds	KRAS-p-G12V-ALT-21-T,KRAS-p-G12V-WT,KRAS-p-G12D-ALT-21-A	KRAS-p-G12V-ALT-21-T,KRAS-p-G12V-WT	KRAS-p-G12D-ALT-T,KRAS-p-G12V-WT,KRAS-p-G12V-ALT-A
HT060P1-S1R1Fp1U1	Tumor	Tumor	LowCount	/diskmnt/Projects/HTAN_analysis_2/PDAC/xenium/snvs_project/merged_analysis/v3_freeze/merge/primary_only/cell_barcode_csv_files/HT060P1-S1R1Fp1U1_PDAC_merge_primary_KRAS_20241205_single_SCT_cell_type_merge_v3.tsv	/diskmnt/Projects/HTAN_analysis_2/PDAC/xenium/snvs_project/individual_objects/xr_v2_0/HT060P1-S1R1Fp1U1/HT060P1-S1R1Fp1U1_processed_sub.4.12.cluster.rds	KRAS-p-G12D-ALT-T,KRAS-p-G12V-WT,KRAS-p-G12V-ALT-A,ATM-p-Y1124---ALT-G,ATM-p-Y1124---WT	KRAS-p-G12V-ALT-A,KRAS-p-G12V-WT,ATM-p-Y1124---ALT-G,ATM-p-Y1124---WT	KRAS-p-G12D-ALT-T,KRAS-p-G12V-WT,KRAS-p-G12V-ALT-A,ATM-p-Y1124---ALT-G,ATM-p-Y1124---WT
HT061P1-S1P1A1L1U1	Tumor,PanIN	Tumor,PanIN	LowCount	/diskmnt/Projects/HTAN_analysis_2/PDAC/xenium/snvs_project/merged_analysis/v3_freeze/merge/primary_only/cell_barcode_csv_files/HT061P1-S1P1A1L1U1_PDAC_merge_primary_KRAS_20241205_single_SCT_cell_type_merge_v3.tsv	/diskmnt/Projects/HTAN_analysis_2/PDAC/xenium/snvs_project/individual_objects/xr_v2_0/HT061P1-S1P1A1L1U1/HT061P1-S1P1A1L1U1_processed_sub_4_6_8_12_14_cluster.rds	KRAS-p-G12D-ALT-T,KRAS-p-G12V-WT,KRAS-p-G12V-ALT-A	KRAS-p-G12D-ALT-T,KRAS-p-G12V-WT	KRAS-p-G12D-ALT-T,KRAS-p-G12V-WT,KRAS-p-G12V-ALT-A
HT061P1-S1P1A1L4U1	Tumor	Tumor	LowCount	/diskmnt/Projects/HTAN_analysis_2/PDAC/xenium/snvs_project/merged_analysis/v3_freeze/merge/primary_only/cell_barcode_csv_files/HT061P1-S1P1A1L4U1_PDAC_merge_primary_KRAS_20241205_single_SCT_cell_type_merge_v3.tsv	/diskmnt/Projects/HTAN_analysis_2/PDAC/xenium/snvs_project/individual_objects/xr_v2_0/HT061P1-S1P1A1L4U1/HT061P1-S1P1A1L4U1_processed_sub_4_cluster.rds	KRAS-p-G12D-ALT-T,KRAS-p-G12V-WT,KRAS-p-G12V-ALT-A	KRAS-p-G12D-ALT-T,KRAS-p-G12V-WT	KRAS-p-G12D-ALT-T,KRAS-p-G12V-WT,KRAS-p-G12V-ALT-A
HT125P1-S1H4A1L1U1	Tumor	Tumor	LowCount	/diskmnt/Projects/HTAN_analysis_2/PDAC/xenium/snvs_project/merged_analysis/v3_freeze/merge/primary_only/cell_barcode_csv_files/HT125P1-S1H4A1L1U1_PDAC_merge_primary_KRAS_20241205_single_SCT_cell_type_merge_v3.tsv	/diskmnt/Projects/HTAN_analysis_2/PDAC/xenium/snvs_project/individual_objects/xr_v2_0/HT125P1-S1H4A1L1U1/HT125P1-S1H4A1L1U1_processed_sub_6_7_cluster.rds	KRAS-p-G12D-ALT-T,KRAS-p-G12V-WT,KRAS-p-G12V-ALT-A	KRAS-p-G12V-ALT-A,KRAS-p-G12V-WT	KRAS-p-G12D-ALT-T,KRAS-p-G12V-WT,KRAS-p-G12V-ALT-A
HT125P1-S1H8A1U1	Tumor	Tumor	LowCount	/diskmnt/Projects/HTAN_analysis_2/PDAC/xenium/snvs_project/merged_analysis/v3_freeze/merge/primary_only/cell_barcode_csv_files/HT125P1-S1H8A1U1_PDAC_merge_primary_KRAS_20241205_single_SCT_cell_type_merge_v3.tsv	/diskmnt/Projects/HTAN_analysis_2/PDAC/xenium/snvs_project/individual_objects/xr_v2_0/HT125P1-S1H8A1U1/HT125P1-S1H8A1U1_processed_sub_2_cluster.rds	KRAS-p-G12D-ALT-T,KRAS-p-G12V-WT,KRAS-p-G12V-ALT-A	KRAS-p-G12V-ALT-A,KRAS-p-G12V-WT	KRAS-p-G12D-ALT-T,KRAS-p-G12V-WT,KRAS-p-G12V-ALT-A
HT179C1-T1Fp3L5U1	Tumor	Tumor	Unknown,Necrosis	/diskmnt/Projects/HTAN_analysis_2/PDAC/xenium/snvs_project/cell_types/manual_individual_cell_types_v1/HT179C1-T1Fp3L5U1/HT179C1-T1Fp3L5U1_cell_type_col_fix.tsv	/diskmnt/Projects/HTAN_analysis_2/PDAC/xenium/snvs_project/individual_objects/xr_v2_0/HT179C1-T1Fp3L5U1/HT179C1-T1Fp3L5U1_processed.rds	KRAS-p-G12D-ALT-T,KRAS-p-G12V-WT,KRAS-p-G12V-ALT-A,PIK3CA-p-E545K-ALT-A,PIK3CA-p-E545K-WT	KRAS-p-G12D-ALT-T,KRAS-p-G12V-WT,PIK3CA-p-E545K-ALT-A,PIK3CA-p-E545K-WT	KRAS-p-G12D-ALT-T,KRAS-p-G12V-WT,KRAS-p-G12V-ALT-A,PIK3CA-p-E545K-ALT-A,PIK3CA-p-E545K-WT
HT185P1-S1H2L1U1	Tumor	Tumor	LowCount	/diskmnt/Projects/HTAN_analysis_2/PDAC/xenium/snvs_project/merged_analysis/v3_freeze/merge/primary_only/cell_barcode_csv_files/HT185P1-S1H2L1U1_PDAC_merge_primary_KRAS_20241205_single_SCT_cell_type_merge_v3.tsv	/diskmnt/Projects/HTAN_analysis_2/PDAC/xenium/snvs_project/individual_objects/xr_v2_0/HT185P1-S1H2L1U1/HT185P1-S1H2L1U1_processed_sub_1_6_cluster.rds	KRAS-p-G12D-ALT-T,KRAS-p-G12V-WT,KRAS-p-G12V-ALT-A	KRAS-p-G12V-ALT-A,KRAS-p-G12V-WT	KRAS-p-G12D-ALT-T,KRAS-p-G12V-WT,KRAS-p-G12V-ALT-A
