	Variant	Samples	germline	snRNA_sample
1	APC-p-R213---ALT-A	WUPE08092A1-S1H3U1	FALSE	
2	APC-p-S1298Ffs--3-ALT-T	HT260C1-Th1K1L1U1	FALSE	HT260C1-Th1K1Fc2A2N1Bma1_1
3	ASXL1-p-P808Lfs--10-ALT--		FALSE	
4	ASXL1-p-Q733---ALT-T		FALSE	
5	ATM-p-Q628fs-ALT-T	HT305B1-S1H5A1U1	TRUE	HT305B1-S1H1Fc2A2_1N1Bmn1_1
6	ATM-p-Y1124---ALT-G	HT308B1-S1H5A4U1,HT060P1-S1R1Fp1U1	TRUE	HT308B1-S1V1Fc2A2N1Z1_1Bmn1_1
7	BAP1-p-T254Dfs--30-ALT-T		FALSE	
8	BAP1-p-T93A-ALT-C	C3L-01287-11Us2_1	FALSE	C3L-03372_CPT0275960013_2022-01-31
9	BAP1-p-W52G-ALT-C		FALSE	
10	BRAF-p-V600E-ALT-T	WUPE28077U1-Fp1U1	FALSE	
11	BRCA2-p-A938fs-ALT--	HT243B1-S1H1A4U1	TRUE	HT243B1-S1H4Fc2A2N1Z1_1Bmn1
12	CTNNB1-p-S45Y-ALT-A	HT284P1-S1H1A1U1	FALSE	HT284P1-S1H2Fc2A2N1Z1_1Bmn1_1
13	DIS3-p-E429Q-ALT-G	WUPE82256U1-Fp1U1	FALSE	
14	DIS3-p-R780K-ALT-T	WUPE25723U1-Fp1U1	FALSE	
15	DLGAP4-p-Q689---ALT-T	WUPE04916U1-Fp1U1	FALSE	
16	DNAH11-p-F1662fs-ALT--		FALSE	
17	DNMT3A-p-R882C-ALT-A		FALSE	
18	EEF1A1-p-D442H-ALT-G	HT268B1-Th1H3L1U1	FALSE	HT268B1-Th1H3Fc2A2N1Z1_1Bmn1_1
19	EGFR-p-A289V-ALT-T		FALSE	
20	EGFR-p-Q71K-ALT-A		FALSE	
21	FANCA-p-E1240fs-ALT--	HT425B1-S1H1Fp1U1	TRUE	HT425B1-S1H1A3Y1N1Z1_1Bmn1_1
22	GNAS-p-R201C-ALT-T	SP001P1-Fp1U1	FALSE	PM1467P1-T1Y2N1Z1_1Bmn1_1
23	IDH1-p-R132C-ALT-A	C3L-03372-12Us3_1	FALSE	C3L-03372_CPT0275960013_2022-01-31
24	IDH1-p-R132H-ALT-T	WUPE68972U1-Fp1U1,C3N-00663-11U3	FALSE	C3N-00663_CPT0087730015_2021-03-08
25	IRF4-p-Q300---ALT-T	WUPE62598U1-Fp2U1	FALSE	
26	JAK2-p-V617F-ALT-T		FALSE	
27	KRAS-p-G12D-ALT-T	HT227P1-S1H1L1U1,HT242P1-S1H4L4U1,SP001P1-Fp1U1,HT270P1-S1H1A1US2_1,HT061P1-S1P1A1L1U1,HT061P1-S1P1A1L4U1,HT179C1-T1Fp3L5U1	FALSE	HT227P1-S1H1A3Y1Nd1_1Z1_1Bmn1_1,HT242P1-S1H1Fc2A2N1Z1_1Bmn1,PM1467P1-T1Y2N1Z1_1Bmn1_1,HT270P1-S1H2Fc2A2N1Bmn1_1,HT179C1-T1A3Y1N1
28	KRAS-p-G12V-ALT-A	SP002C1-Fp1U2,HT060P1-S1R1Fp1U1,HT125P1-S1H4A1L1U1,HT125P1-S1H8A1U1,HT185P1-S1H2L1U1	FALSE	
29	KRAS-p-M111V-ALT-C		FALSE	
30	KRAS-p-Q61H-ALT-G	WUPE38758U1-Fp1U1	FALSE	
31	LDHB-p-Q307---ALT-T	HT260C1-Th1K1L1U1	FALSE	HT260C1-Th1K1Fc2A2N1Bma1_1
32	MAP1B-p-E611D-ALT-T	HT268B1-Th1H3L1U1	FALSE	HT268B1-Th1H3Fc2A2N1Z1_1Bmn1_1
33	NPM1-p-W288Cfs--12-ALT-TGCT		FALSE	
34	NRAS-p-Q61H-ALT-G	WUPE86238U1-Fp1U1	FALSE	
35	PELI1-p-R46T-ALT-G	HT268B1-Th1H3L1U1	FALSE	HT268B1-Th1H3Fc2A2N1Z1_1Bmn1_1
36	PGAP2-p---316Rext--40-ALT-C	HT268B1-Th1H3L1U1	FALSE	HT268B1-Th1H3Fc2A2N1Z1_1Bmn1_1
37	PIK3CA-p-E545K-ALT-A	HT425B1-S1H1Fp1U1,HT179C1-T1Fp3L5U1	FALSE	HT425B1-S1H1A3Y1N1Z1_1Bmn1_1,HT179C1-T1A3Y1N1
38	SF3B1-p-K700E-ALT-C		FALSE	
39	SMG1-p-K3172T-ALT-G	HT242P1-S1H4L4U1	FALSE	HT242P1-S1H1Fc2A2N1Z1_1Bmn1
40	TP53-p-R282W-ALT-A	C3N-00663-11U3	FALSE	C3N-00663_CPT0087730015_2021-03-08
41	TP53-p-Y220C-ALT-C	HT65B1-H1A1A4U1	TRUE	HT065B1-S1H1A3N1
42	TPD52L1-p-A21---ALT-T	HT260C1-Th1K1L1U1	FALSE	HT260C1-Th1K1Fc2A2N1Bma1_1