Chromosome	Start	Stop	Ref_allele	Alt_allele	HGVSc	hugo_symbol	HGVSp_short	Ensembl_transcript_no_version	Ensembl_name	Spans_splice_junction	Strand	Variant_Classification	Variant_front_flank_Start	Variant_front_flank_Stop	Variant_rear_flank_Start	Variant_rear_flank_Stop	Variant_front_flank_sequence	Variant_rear_flank_sequence	Variant_complete_flank_sequence	rear_flank_spans_introns	front_flank_spans_introns	Front_flank_full_coordinates	Front_flank_coordinates_based_sequence	Rear_flank_full_coordinates	Rear_flank_coordinates_based_sequence	Variant_is_5bp_or_closer_to_a_splice_junction	ref_junction_v1	ref_junction_v2	alt_junction_v1	alt_junction_v2	Ref_Ligation_junction_quality	Alt_Ligation_junction_quality
1	12	25245350	25245350	C	A	c.35G>T	KRAS	p.G12V	ENST00000256078	KRAS-201	no	-	Missense_Mutation	25245371	25245351	25245349	25245329	AACTTGTGGTAGTTGGAGCTG	TGGCGTAGGCAAGAGTGCCTT	AACTTGTGGTAGTTGGAGCTG[G/T]TGGCGTAGGCAAGAGTGCCTT	FALSE	FALSE	25245371-25245351	AACTTGTGGTAGTTGGAGCTG	25245349-25245329	TGGCGTAGGCAAGAGTGCCTT	FALSE	GG	GT	GT	TT	Non-preferred	Neutral
2	12	25245350	25245350	C	T	c.35G>A	KRAS	p.G12D	ENST00000256078	KRAS-201	no	-	Missense_Mutation	25245371	25245351	25245349	25245329	AACTTGTGGTAGTTGGAGCTG	TGGCGTAGGCAAGAGTGCCTT	AACTTGTGGTAGTTGGAGCTG[G/A]TGGCGTAGGCAAGAGTGCCTT	FALSE	FALSE	25245371-25245351	AACTTGTGGTAGTTGGAGCTG	25245349-25245329	TGGCGTAGGCAAGAGTGCCTT	FALSE	GG	GT	GA	AT	Non-preferred	Preferred
3	12	25227341	25227341	T	G	c.182A>C	KRAS	p.Q61H	ENST00000256078	KRAS-201	no	-	Missense_Mutation	25227362	25227342	25227340	25227320	TATTCTCGACACAGCAGGTCA	GAGGAGTACAGTGCAATGAGG	TATTCTCGACACAGCAGGTCA[A/C]GAGGAGTACAGTGCAATGAGG	FALSE	FALSE	25227362-25227342	TATTCTCGACACAGCAGGTCA	25227340-25227320	GAGGAGTACAGTGCAATGAGG	FALSE	AA	AG	AC	CG	Preferred	Neutral
4	20	58909365	58909365	C	T	c.601C>T	GNAS	p.R201C	ENST00000371085	GNAS-210	yes	+	Missense_Mutation	58909211	58909364	58909366	58909386	GATCAGGACCTGCTTCGCTGC	GTGTCCTGACTTCTGGAATCT	GATCAGGACCTGCTTCGCTGC[C/T]GTGTCCTGACTTCTGGAATCT	FALSE	TRUE	58909211-58909216;58909350-58909364	GATCAGGACCTGCTTCGCTGC	58909366-58909386	GTGTCCTGACTTCTGGAATCT	FALSE	CC	CG	CT	TG	Neutral	Neutral
5	3	41224646	41224646	C	A	c.134C>A	CTNNB1	p.S45Y	ENST00000349496	CTNNB1-201	NA	+	Missense_Mutation	41224625	41224645	41224647	41224667	GTGCCACTACCACAGCTCCTT	TCTGAGTGGTAAAGGCAATCC	GTGCCACTACCACAGCTCCTT[C/A]TCTGAGTGGTAAAGGCAATCC	FALSE	FALSE	41224625-41224645	GTGCCACTACCACAGCTCCTT	41224647-41224667	TCTGAGTGGTAAAGGCAATCC	FALSE	TC	CT	TA	AT	Neutral	Preferred
6	2	208248388	208248388	C	T	NA	IDH1	p.R132H	ENST00000415913	NA	NA	-	Missense_Mutation	208248409	208248389	208248387	208245423	TAAAACCTATCATCATAGGTC	TCATGCTTATGGGGATCAATA	TAAAACCTATCATCATAGGTC[G/A]TCATGCTTATGGGGATCAATA	TRUE	FALSE	208248409-208248389	TAAAACCTATCATCATAGGTC	208248387-208248369;208245424-208245423	TCATGCTTATGGGGATCAATA	FALSE	CG	GT	CA	AT	Non-preferred	Preferred
7	7	140753336	140753336	A	T	NA	BRAF	p.V600E	ENST00000288602	NA	NA	-	Missense_Mutation	140753357	140753337	140753335	140753315	GTGATTTTGGTCTAGCTACAG	GAAATCTCGATGGAGTGGGTC	GTGATTTTGGTCTAGCTACAG[T/A]GAAATCTCGATGGAGTGGGTC	FALSE	FALSE	140753357-140753337	GTGATTTTGGTCTAGCTACAG	140753335-140753315	GAAATCTCGATGGAGTGGGTC	FALSE	GT	TG	GA	AG	Neutral	Preferred
8	7	55154129	55154129	C	T	NA	EGFR	p.A289V	ENST00000275493	NA	NA	+	Missense_Mutation	55154108	55154128	55154130	55154150	AGGGCAAATACAGCTTTGGTG	CACCTGCGTGAAGAAGTGTCC	AGGGCAAATACAGCTTTGGTG[C/T]CACCTGCGTGAAGAAGTGTCC	FALSE	FALSE	55154108-55154128	AGGGCAAATACAGCTTTGGTG	55154130-55154150	CACCTGCGTGAAGAAGTGTCC	FALSE	GC	CC	GT	TC	Neutral	Neutral
9	3	179234297	179234297	A	G	NA	PIK3CA	p.H1047R	ENST00000263967	NA	NA	+	Missense_Mutation	179234276	179234296	179234298	179234318	TGAAACAAATGAATGATGCAC	TCATGGTGGCTGGACAACAAA	TGAAACAAATGAATGATGCAC[A/G]TCATGGTGGCTGGACAACAAA	FALSE	FALSE	179234276-179234296	TGAAACAAATGAATGATGCAC	179234298-179234318	TCATGGTGGCTGGACAACAAA	FALSE	CA	AT	CG	GT	Preferred	Non-preferred
10	17	7673802	7673802	C	T	NA	TP53	p.R273H	ENST00000269305	NA	NA	-	Missense_Mutation	7673823	7673803	7673801	7673781	GACGGAACAGCTTTGAGGTGC	TGTTTGTGCCTGTCCTGGGAG	GACGGAACAGCTTTGAGGTGC[G/A]TGTTTGTGCCTGTCCTGGGAG	FALSE	FALSE	7673823-7673803	GACGGAACAGCTTTGAGGTGC	7673801-7673781	TGTTTGTGCCTGTCCTGGGAG	FALSE	CG	GT	CA	AT	Non-preferred	Preferred
11	17	7673776	7673776	G	A	NA	TP53	p.R282W	ENST00000269305	NA	NA	-	Missense_Mutation	7673797	7673777	7673775	7673755	TGTGCCTGTCCTGGGAGAGAC	GGCGCACAGAGGAAGAGAATC	TGTGCCTGTCCTGGGAGAGAC[C/T]GGCGCACAGAGGAAGAGAATC	FALSE	FALSE	7673797-7673777	TGTGCCTGTCCTGGGAGAGAC	7673775-7673755	GGCGCACAGAGGAAGAGAATC	FALSE	CC	CG	CT	TG	Neutral	Neutral
12	3	179218303	179218303	G	A	NA	PIK3CA	p.E545K	ENST00000263967	NA	NA	+	Missense_Mutation	179218282	179218302	179218304	179218324	GATCCTCTCTCTGAAATCACT	AGCAGGAGAAAGATTTTCTAT	GATCCTCTCTCTGAAATCACT[G/A]AGCAGGAGAAAGATTTTCTAT	FALSE	FALSE	179218282-179218302	GATCCTCTCTCTGAAATCACT	179218304-179218324	AGCAGGAGAAAGATTTTCTAT	FALSE	TG	GA	TA	AA	Preferred	Preferred
13	5	112838934	112838934	C	T	NA	APC	p.R1114*	ENST00000257430	NA	NA	+	stop_gained	112838913	112838933	112838935	112838955	GCCAATGGTTCAGAAACAAAT	GAGTGGGTTCTAATCATGGAA	GCCAATGGTTCAGAAACAAAT[C/T]GAGTGGGTTCTAATCATGGAA	FALSE	FALSE	112838913-112838933	GCCAATGGTTCAGAAACAAAT	112838935-112838955	GAGTGGGTTCTAATCATGGAA	FALSE	TC	CG	TT	TG	Neutral	Neutral
14	5	112780895	112780895	C	A	NA	APC	p.R213*	ENST00000257430	NA	NA	+	Nonsense_Mutation	112780874	112780894	112780896	112792458	ACCTGCCAGGATATGGAAAAA	GAGCACAGCGAAGAATAGCCA	ACCTGCCAGGATATGGAAAAA[C/A]GAGCACAGCGAAGAATAGCCA	TRUE	FALSE	112780874-112780894	ACCTGCCAGGATATGGAAAAA	112780896-112780903;112792446-112792458	GAGCACAGCGAAGAATAGCCA	FALSE	AC	CG	AA	AG	Neutral	Preferred
15	5	112839469	112839469	C	-	NA	APC	p.T1292Rfs*13	ENST00000257430	NA	NA	+	Frame_Shift_Del	112839448	112839468	112839470	112839490	ATGAAATAGGATGTAATCAGA	GACACAGGAAGCAGATTCTGC	ATGAAATAGGATGTAATCAGA[C/-]GACACAGGAAGCAGATTCTGC	FALSE	FALSE	112839448-112839468	ATGAAATAGGATGTAATCAGA	112839470-112839490	GACACAGGAAGCAGATTCTGC	FALSE	AC	CG	A-	-G	Neutral	Manual_review_needed
16	2	208248389	208248389	G	A	c.394C>T	IDH1	p.R132C	ENST00000415913	NA	NA	-	Missense_Mutation	208248410	208248390	208248388	208245424	GTAAAACCTATCATCATAGGT	GTCATGCTTATGGGGATCAAT	GTAAAACCTATCATCATAGGT[C/T]GTCATGCTTATGGGGATCAAT	TRUE	FALSE	208248410-208248390	GTAAAACCTATCATCATAGGT	208248388-208248369;208245424-208245424	GTCATGCTTATGGGGATCAAT	FALSE	TC	CG	TT	TG	Neutral	Neutral
17	20	36499642	36499642	C	T	NA	DLGAP4	p.Q689*	ENST00000339266	NA	NA	+	Nonsense_Mutation	36499621	36499641	36499643	36499663	CCCAGTCCCGCTACCAAATTC	AGTCCATCGGGGTTCAGGTAG	CCCAGTCCCGCTACCAAATTC[C/T]AGTCCATCGGGGTTCAGGTAG	FALSE	FALSE	36499621-36499641	CCCAGTCCCGCTACCAAATTC	36499643-36499663	AGTCCATCGGGGTTCAGGTAG	FALSE	CC	CA	CT	TA	Neutral	Preferred
18	7	21655854	21655855	TT	-	c.4984_4985del	DNAH11	p.F1662fs	ENST00000328843	NA	NA	+	frameshift_variant	21655833	21655853	21655856	21655876	TAACATGTCACCTTGCCAAAC	TTCGACAGCATTGCAGATCTG	TAACATGTCACCTTGCCAAAC[TT/-]TTCGACAGCATTGCAGATCTG	FALSE	FALSE	21655833-21655853	TAACATGTCACCTTGCCAAAC	21655856-21655876	TTCGACAGCATTGCAGATCTG	FALSE	CT	TT	C-	-T	Neutral	Manual_review_needed
19	17	7674872	7674872	T	C	NA	TP53	p.Y220C	ENST00000269305	NA	NA	-	missense_variant	7674893	7674873	7674871	7674283	GACATAGTGTGGTGGTGCCCT	TGAGCCGCCTGAGGTTGGCTC	GACATAGTGTGGTGGTGCCCT[A/G]TGAGCCGCCTGAGGTTGGCTC	TRUE	FALSE	7674893-7674873	GACATAGTGTGGTGGTGCCCT	7674871-7674859;7674290-7674283	TGAGCCGCCTGAGGTTGGCTC	FALSE	TA	AT	TG	GT	Preferred	Neutral
20	13	32337161	32337164	AAAC	-	NA	BRCA2	p.A938fs	ENST00000380152	NA	NA	+	frameshift_variant	32337140	32337160	32337165	32337185	TTATATGGAGACACAGGTGAT	AAGCAACCCAAGTGTCAATTA	TTATATGGAGACACAGGTGAT[AAAC/-]AAGCAACCCAAGTGTCAATTA	FALSE	FALSE	32337140-32337160	TTATATGGAGACACAGGTGAT	32337165-32337185	AAGCAACCCAAGTGTCAATTA	FALSE	TA	CA	T-	-A	Preferred	Manual_review_needed
21	11	108252888	108252889	-	T	NA	ATM	p.Q628fs	ENST00000452508	NA	NA	+	frameshift_variant	108252867	108252887	108252890	108252910	AAAACTGTAAAGCTGCAATGA	TTTTTTCCAAAGCGTGCCAGA	AAAACTGTAAAGCTGCAATGA[-/T]TTTTTTCCAAAGCGTGCCAGA	FALSE	FALSE	108252867-108252887	AAAACTGTAAAGCTGCAATGA	108252890-108252910	TTTTTCCAAAGCGTGCCAGAA	FALSE	A-	-T	AT	TT	Manual_review_needed	Preferred
22	11	108279578	108279578	C	G	NA	ATM	p.Y1124*	ENST00000452508	NA	NA	+	stop_gained	108279557	108279577	108279579	108279599	AACAGCTTTTGAAAATGCATA	TTGAAAGCTCAGGAAGGAATG	AACAGCTTTTGAAAATGCATA[C/G]TTGAAAGCTCAGGAAGGAATG	FALSE	FALSE	108279557-108279577	AACAGCTTTTGAAAATGCATA	108279579-108279599	TTGAAAGCTCAGGAAGGAATG	FALSE	AC	CT	AG	GT	Neutral	Preferred
23	16	89742841	89742845	TGTTT	-	NA	FANCA	p.E1240fs	ENST00000389301	NA	NA	-	frameshift_variant	89742862	89742842	89742844	89742824	CAACAAGTCAGGGAAGAAAAC	GAAGCAGCTAAAGAAGCTGGA	CAACAAGTCAGGGAAGAAAAC[AAACA/-]GAAGCAGCTAAAGAAGCTGGA	FALSE	FALSE	89742862-89742842	CAACAAGTCAGGGAAGAAAAC	89742844-89742824	AACATCAGGAAGCAGCTAAAG	FALSE	CA	AG	C-	-G	Preferred	Manual_review_needed
24	7	55142408	55142408	C	A	NA	EGFR	p.Q71K	ENST00000275493	NA	NA	+	Missense_Mutation	55142387	55142407	55142409	55142429	AATTTGGAAATTACCTATGTG	AGAGGAATTATGATCTTTCCT	AATTTGGAAATTACCTATGTG[C/A]AGAGGAATTATGATCTTTCCT	FALSE	FALSE	55142387-55142407	AATTTGGAAATTACCTATGTG	55142409-55142429	AGAGGAATTATGATCTTTCCT	FALSE	GC	CA	GA	AA	Neutral	Preferred
25	3	52408575	52408575	A	C	NA	BAP1	p.W52G	ENST00000460680	NA	NA	-	Missense_Mutation	52408596	52408576	52408574	52408554	GGATTTATCTTCCTGTTCAAA	GGATCGAAGAGCGCCGGTCCC	GGATTTATCTTCCTGTTCAAA[T/G]GGATCGAAGAGCGCCGGTCCC	FALSE	FALSE	52408596-52408576	GGATTTATCTTCCTGTTCAAA	52408574-52408554	GGATCGAAGAGCGCCGGTCCC	FALSE	AT	TG	AG	GG	Preferred	Preferred
26	3	52408056	52408056	T	C	NA	BAP1	p.T93A	ENST00000460680	NA	NA	-	Missense_Mutation	52408077	52408057	52408055	52408035	CTGATACCCAACTCTTGTGCA	CTCATGCCTTGCTGAGCGTGC	CTGATACCCAACTCTTGTGCA[A/G]CTCATGCCTTGCTGAGCGTGC	FALSE	FALSE	52408077-52408057	CTGATACCCAACTCTTGTGCA	52408055-52408035	CTCATGCCTTGCTGAGCGTGC	FALSE	AA	AC	AG	GC	Neutral	Preferred
27	3	52406277	52406278	-	T	NA	BAP1	p.T254Dfs*30	ENST00000460680	NA	NA	-	Frame_Shift_Ins	52406298	52406278	52406277	52406257	TGTGCTGAAGGTGAACCGTCA	ACAGTACTAGAGGCTCTGCAG	TGTGCTGAAGGTGAACCGTCA[-/A]ACAGTACTAGAGGCTCTGCAG	FALSE	FALSE	52406298-52406278	TGTGCTGAAGGTGAACCGTCA	52406277-52406257	GACAGTACTAGAGGCTCTGCA	FALSE	A-	-A	AA	AA	Manual_review_needed	Neutral
28	1	114713907	114713907	T	G	c.183A>C	NRAS	p.Q61H	ENST00000369535	NRAS	NO	-	Missense_Mutation	114713928	114713908	114713906	114713886	CATACTGGATACAGCTGGACA	GAAGAGTACAGTGCCATGAGA	CATACTGGATACAGCTGGACA[A/C]GAAGAGTACAGTGCCATGAGA	FALSE	FALSE	114713928-114713908	CATACTGGATACAGCTGGACA	114713906-114713886	GAAGAGTACAGTGCCATGAGA	FALSE	AA	AG	AC	CG	Preferred	Neutral
29	13	72772794	72772794	C	G	c.1285G>C	DIS3	p.E429Q	ENST00000377767	DIS3	NO	-	Missense_Mutation	72772815	72772795	72772793	72772773	GATGTTGGAGAGAAAGAGACT	AAACAGAAGTTTTGTTACTTG	GATGTTGGAGAGAAAGAGACT[G/C]AAACAGAAGTTTTGTTACTTG	FALSE	FALSE	72772815-72772795	GATGTTGGAGAGAAAGAGACT	72772793-72772773	AAACAGAAGTTTTGTTACTTG	FALSE	TG	GA	TC	CA	Preferred	Neutral
30	13	72761926	72761926	C	T	c.2339G>A	DIS3	p.R780K	ENST00000377767	DIS3	NO	-	Missense_Mutation	72761947	72761927	72761925	72761797	CACATTTTACTTCACCCATTA	AAGATACGCAGATGTCATTGT	CACATTTTACTTCACCCATTA[G/A]AAGATACGCAGATGTCATTGT	TRUE	FALSE	72761947-72761927	CACATTTTACTTCACCCATTA	72761925-72761923;72761814-72761797	AAGATACGCAGATGTCATTGT	TRUE	AG	GA	AA	AA	Preferred	Neutral
31	6	401576	401576	C	T	c.898C>T	IRF4	p.Q300*	ENST00000380956	IRF4	NO	+	Nonsense_Mutation	401555	401575	401577	401597	CCCTACCCAGAGGACAATGGC	AGAGGAAAAACATTGAGAAGC	CCCTACCCAGAGGACAATGGC[C/T]AGAGGAAAAACATTGAGAAGC	FALSE	FALSE	401555-401575	CCCTACCCAGAGGACAATGGC	401577-401597	AGAGGAAAAACATTGAGAAGC	FALSE	CC	CA	CT	TA	Neutral	Preferred
32	20	32435134	32435134	C	-	c.2423delC	ASXL1	p.P808Lfs*10	ENST00000375687	NA	NA	+	Frame_Shift_Del	32435113	32435133	32435135	32435155	GAGGAGCAAGGACCCACCGTT	CTGCAGACAATGGTCCCATTC	GAGGAGCAAGGACCCACCGTT[C/-]CTGCAGACAATGGTCCCATTC	FALSE	FALSE	32435113-32435133	GAGGAGCAAGGACCCACCGTT	32435135-32435155	CTGCAGACAATGGTCCCATTC	FALSE	TC	CC	T-	-C	Neutral	Manual_review_needed
33	5	171410541	171410542	-	TGCT	c.863_864insCTTG	NPM1	p.W288Cfs*12	ENST00000296930	NA	NA	+	Frame_Shift_Ins	171407768	171410540	171410543	171410563	CCAAGAGGCTATTCAAGATCT	TGGCAGTGGAGGAAGTCTCTT	CCAAGAGGCTATTCAAGATCT[-/TGCT]TGGCAGTGGAGGAAGTCTCTT	FALSE	TRUE	171407768-171407774;171410527-171410540	CCAAGAGGCTATTCAAGATCT	171410543-171410563	GGCAGTGGAGGAAGTCTCTTT	FALSE	T-	-T	TT	TT	Manual_review_needed	Neutral
34	12	25225733	25225733	T	C	c.331A>G	KRAS	p.M111V	ENST00000256078	NA	NA	-	Missense_Mutation	25225754	25225734	25225732	25225712	AAGGACTCTGAAGATGTACCT	TGGTCCTAGTAGGAAATAAAT	AAGGACTCTGAAGATGTACCT[A/G]TGGTCCTAGTAGGAAATAAAT	FALSE	FALSE	25225754-25225734	AAGGACTCTGAAGATGTACCT	25225732-25225712	TGGTCCTAGTAGGAAATAAAT	FALSE	TA	AT	TG	GT	Preferred	Neutral
35	20	32434909	32434909	C	T	NA	ASXL1	p.Q733*	ENST00000375687	ASXL1-202	NA	+	Nonsense_Mutation	32434888	32434908	32434910	32434930	AAGGAGGAAAGCTGCCTACTA	AGAGGGCTACAGTTGGACTCA	AAGGAGGAAAGCTGCCTACTA[C/T]AGAGGGCTACAGTTGGACTCA	FALSE	FALSE	32434888-32434908	AAGGAGGAAAGCTGCCTACTA	32434910-32434930	AGAGGGCTACAGTTGGACTCA	FALSE	AC	CA	AT	TA	Neutral	Preferred
36	2	25234374	25234374	G	A	NA	DNMT3A	p.R882C	ENST00000264709	NA	NA	-	Missense_Mutation	25234395	25234375	25234373	25234353	ACTGACGTCTCCAACATGAGC	GCTTGGCGAGGCAGAGACTGC	ACTGACGTCTCCAACATGAGC[C/T]GCTTGGCGAGGCAGAGACTGC	FALSE	FALSE	25234395-25234375	ACTGACGTCTCCAACATGAGC	25234373-25234353	GCTTGGCGAGGCAGAGACTGC	FALSE	CC	CG	CT	TG	Neutral	Neutral
37	9	5073770	5073770	G	T	NA	JAK2	p.V617F	ENST00000381652	NA	NA	+	Missense_Mutation	5073749	5073769	5073771	5077458	GTTTTAAATTATGGAGTATGT	TCTGTGGAGACGAGAATATTC	GTTTTAAATTATGGAGTATGT[G/T]TCTGTGGAGACGAGAATATTC	TRUE	FALSE	5073749-5073769	GTTTTAAATTATGGAGTATGT	5073771-5073785;5077453-5077458	TCTGTGGAGACGAGAATATTC	FALSE	TG	GT	TT	TT	Neutral	Neutral
38	2	197402110	197402110	T	C	NA	SF3B1	p.K700E	ENST00000335508	NA	NA	-	Missense_Mutation	197402556	197402111	197402109	197402089	GGTCTTGTGGATGAGCAGCAG	AAGTTCGGACCATCAGTGCTT	GGTCTTGTGGATGAGCAGCAG[A/G]AAGTTCGGACCATCAGTGCTT	FALSE	TRUE	197402556-197402556;197402130-197402111	GGTCTTGTGGATGAGCAGCAG	197402109-197402089	AAGTTCGGACCATCAGTGCTT	FALSE	GA	AA	GG	GA	Preferred	Preferred
39	11	3825456	3825456	T	C	NA	PGAP2	p.*316Rext*40	ENST00000278243	NA	NA	+	Nonstop_Mutation	3825435	3825455	3825457	3825477	CAGCCTGAGGAAAAGCGATTC	GAACCCTTCAGTCCTGCTTGG	CAGCCTGAGGAAAAGCGATTC[T/C]GAACCCTTCAGTCCTGCTTGG	FALSE	FALSE	3825435-3825455	CAGCCTGAGGAAAAGCGATTC	3825457-3825477	GAACCCTTCAGTCCTGCTTGG	FALSE	CT	TG	CC	CG	Neutral	Neutral
40	2	64104765	64104765	C	G	NA	PELI1	p.R46T	ENST00000358912	NA	NA	-	Missense_Mutation	64104786	64104766	64104764	64104744	GTAGGTTTGCTTTGTTTAAAA	ACCTAAGGCAAATGGGGTGAA	GTAGGTTTGCTTTGTTTAAAA[G/C]ACCTAAGGCAAATGGGGTGAA	FALSE	FALSE	64104786-64104766	GTAGGTTTGCTTTGTTTAAAA	64104764-64104744	ACCTAAGGCAAATGGGGTGAA	FALSE	AG	GA	AC	CA	Preferred	Neutral
41	5	72195188	72195188	A	T	NA	MAP1B	p.E611D	ENST00000296755	NA	NA	+	Missense_Mutation	72195167	72195187	72195189	72195209	AAAGGAGGTTCCCAGCAAAGA	GAGCCATCTCCAGTGAAAGCC	AAAGGAGGTTCCCAGCAAAGA[A/T]GAGCCATCTCCAGTGAAAGCC	FALSE	FALSE	72195167-72195187	AAAGGAGGTTCCCAGCAAAGA	72195189-72195209	GAGCCATCTCCAGTGAAAGCC	FALSE	AA	AG	AT	TG	Preferred	Preferred
42	6	73517875	73517875	C	G	NA	EEF1A1	p.D442H	ENST00000316292	NA	NA	-	Missense_Mutation	73517896	73517876	73517874	73517854	GTGGGTGTCATCAAAGCAGTG	ACAAGAAGGCTGCTGGAGCTG	GTGGGTGTCATCAAAGCAGTG[G/C]ACAAGAAGGCTGCTGGAGCTG	FALSE	FALSE	73517896-73517876	GTGGGTGTCATCAAAGCAGTG	73517874-73517854	ACAAGAAGGCTGCTGGAGCTG	FALSE	GG	GA	GC	CA	Preferred	Neutral
43	12	21635626	21635626	C	T	NA	LDHB	p.Q307=	ENST00000673047	NA	NA	-	Silent	21635647	21635627	21635625	21635605	ATTAACCAGCGTTATCAACCA	AAGCTAAAGGATGATGAGGTT	ATTAACCAGCGTTATCAACCA[G/A]AAGCTAAAGGATGATGAGGTT	FALSE	FALSE	21635647-21635627	ATTAACCAGCGTTATCAACCA	21635625-21635605	AAGCTAAAGGATGATGAGGTT	FALSE	AG	GA	AA	AA	Preferred	Neutral
44	6	125220121	125220121	A	T	NA	TPD52L1	p.A21=	ENST00000304877	NA	NA	+	Silent	125220100	125220120	125220122	125220142	GCAAGGAACAGACGAAGATGC	GTAGCCAGTGCTGACTTCTCT	GCAAGGAACAGACGAAGATGC[A/T]GTAGCCAGTGCTGACTTCTCT	FALSE	FALSE	125220100-125220120	GCAAGGAACAGACGAAGATGC	125220122-125220142	GTAGCCAGTGCTGACTTCTCT	FALSE	CA	AG	CT	TG	Preferred	Neutral
45	16	18829374	18829374	T	G	c.9515A>C	SMG1	p.K3172T	ENST00000565324	NA	NA	-	Missense_Mutation	18829395	18829375	18829373	18829353	CTTACGACACTGCCTGGAAGA	GCATGACTTGGTGCGAAGGCT	CTTACGACACTGCCTGGAAGA[A/C]GCATGACTTGGTGCGAAGGCT	FALSE	FALSE	18829395-18829375	CTTACGACACTGCCTGGAAGA	18829373-18829353	GCATGACTTGGTGCGAAGGCT	FALSE	AA	AG	AC	CG	Preferred	Neutral
46	5	112839484	112839485	-	T	c.3892dup	APC	p.S1298Ffs*3	ENST00000257430	NA	NA	+	Frame_Shift_Ins	112839463	112839483	112839486	112839506	ATCAGACGACACAGGAAGCAG	TTCTGCTAATACCCTGCAAAT	ATCAGACGACACAGGAAGCAG[-/T]TTCTGCTAATACCCTGCAAAT	FALSE	FALSE	112839463-112839483	ATCAGACGACACAGGAAGCAG	112839486-112839506	TCTGCTAATACCCTGCAAATA	FALSE	G-	-T	GT	TT	Manual_review_needed	Neutral
